TP_keep_unstable,FN_cancel_unstable,FP_keep_stable,TN_cancel_stable,Total,Saved%,FN_among_unstable%,FN_among_cancelled%,Threshold
42039,6306,45760,36854,130959,32.956879634083954,13.043748060812907,14.610750695088045,0.8
43681,3957,55187,28134,130959,24.504615948502966,8.306394055166045,12.330559970085071,0.85
45616,789,74924,9630,130959,7.9559251368749,1.700247818123047,7.572703714367981,0.9
46045,142,81862,2910,130959,2.3305003856168724,0.3074458180873406,4.652686762778506,0.95
